{"position":{"x":7.241177082061768,"y":-3.7324740886688234,"z":0.0},"cameraposition":{"x":0.0,"y":0.0,"z":0.0}}