{"position":{"x":-23.182409286499025,"y":-3.732485771179199,"z":5.599999904632568},"cameraposition":{"x":-28.772409439086915,"y":-0.5824856758117676,"z":0.0},"playerhealth":46.540000915527347,"score":120,"time":0.0}