{"position":{"x":-5.119999885559082,"y":-1.4700000286102296,"z":5.599999904632568},"cameraposition":{"x":0.0,"y":0.0,"z":-9.0},"coinsPos":{"instanceID":63732},"playerhealth":18,"score":0,"time":1.4742505550384522,"coins":0}