{"position":{"x":-18.28980827331543,"y":-3.7319931983947756,"z":5.599999904632568},"cameraposition":{"x":-23.87980842590332,"y":-0.5819931030273438,"z":0.0},"playerhealth":57.18000030517578,"score":81,"time":73.64067077636719}