{"position":{"x":43.7281494140625,"y":-1.4725078344345093,"z":5.599999904632568},"cameraposition":{"x":48.848148345947269,"y":-0.002507805824279785,"z":0.0},"playerhealth":100.0,"score":0,"time":54.60744094848633}