{"position":{"x":10.193446159362793,"y":-1.4725078344345093,"z":5.599999904632568},"cameraposition":{"x":15.313445091247559,"y":-0.002507805824279785,"z":0.0},"playerhealth":100,"score":0,"time":61.357357025146487}