{"position":{"x":-17.626331329345704,"y":-3.732485771179199,"z":0.0}}